site_name,observations,uv_mean,uv_max,pm2_5_mean_ugm3,pm2_5_max_ugm3,pm10_mean_ugm3,pm10_max_ugm3,hours_uv_ge_3,hours_uv_ge_6
craigieburn,120,0.66,3.95,11.08,28.5,14.38,34.3,6,0
dandenong,120,0.58,3.3,12.2,26.4,16.57,31.0,3,0
frankston,120,0.58,3.3,12.2,26.4,16.57,31.0,3,0
lilydale,120,0.61,3.95,12.46,28.8,16.09,35.2,4,0
melbourne_cbd,120,0.6,3.3,9.98,19.3,14.03,25.8,4,0
pakenham,120,0.53,3.35,9.89,17.5,13.88,23.7,2,0
ringwood,120,0.58,3.3,12.2,26.4,16.57,31.0,3,0
sunbury,120,0.66,3.95,11.08,28.5,14.38,34.3,6,0
werribee,120,0.6,3.3,9.98,19.3,14.03,25.8,4,0
